start_zone,end_zone,mode_of_travel,purpose_of_travel,day_of_week,period,avg_daily_trips
1,1,Rail,OB_HBW,Weekday,AM_peak_hr,1.0
1,5,Rail,OB_HBW,Weekday,AM_peak_hr,1.0
1,6,Rail,OB_HBW,Weekday,Off_peak,4.0
1,1011,Rail,OB_HBW,Weekday,AM_peak,1.0
1,1011,Rail,OB_HBW,Weekday,AM_peak_hr,1.0
1,1012,Rail,OB_HBW,Weekday,AM_peak_hr,1.0
1,1014,Rail,OB_HBW,Weekday,AM_peak_hr,1.0
1,1015,Rail,OB_HBW,Weekday,AM_peak,1.0
1,1017,Rail,OB_HBW,Weekday,AM_peak,1.0
1,1017,Rail,OB_HBW,Weekday,AM_peak_hr,1.0
1,1018,Rail,OB_HBW,Weekday,AM_peak,1.0
1,1025,Rail,OB_HBW,Weekday,AM_peak,1.0
1,1028,Rail,OB_HBW,Weekday,AM_peak,3.0
1,1028,Rail,OB_HBW,Weekday,AM_peak_hr,1.0
1,1030,Rail,OB_HBW,Weekday,AM_peak,1.0
1,1030,Rail,OB_HBW,Weekday,PM_peak,1.0
1,1033,Rail,OB_HBW,Weekday,AM_peak,3.0
1,1033,Rail,OB_HBW,Weekday,AM_peak_hr,3.0
1,1033,Rail,OB_HBW,Weekday,Inter_peak,1.0
1,1034,Rail,OB_HBW,Weekday,AM_peak,1.0
1,1037,Rail,OB_HBW,Weekday,AM_peak_hr,1.0
1,1040,Rail,OB_HBW,Weekday,Inter_peak,1.0
1,1042,Rail,OB_HBW,Weekday,Off_peak,1.0
1,1045,Rail,OB_HBW,Weekday,AM_peak,1.0
1,1055,Rail,OB_HBW,Weekday,AM_peak,1.0
1,1055,Rail,OB_HBW,Weekday,Off_peak,1.0
1,1059,Rail,OB_HBW,Weekday,AM_peak_hr,1.0
1,1065,Rail,OB_HBW,Weekday,AM_peak,1.0
1,1077,Rail,OB_HBW,Weekday,Off_peak,1.0
1,1082,Rail,OB_HBW,Weekday,AM_peak,2.0
1,1082,Rail,OB_HBW,Weekday,AM_peak_hr,1.0
1,1082,Rail,OB_HBW,Weekday,Off_peak,1.0
1,1083,Rail,OB_HBW,Weekday,AM_peak,3.0
1,1084,Rail,OB_HBW,Weekday,AM_peak,4.0
1,1084,Rail,OB_HBW,Weekday,AM_peak_hr,2.0
1,1085,Rail,OB_HBW,Weekday,AM_peak,2.0
1,1085,Rail,OB_HBW,Weekday,AM_peak_hr,1.0
1,1086,Rail,OB_HBW,Weekday,AM_peak,1.0
1,1087,Rail,OB_HBW,Weekday,AM_peak,2.0
1,1087,Rail,OB_HBW,Weekday,AM_peak_hr,1.0
1,1087,Rail,OB_HBW,Weekday,Inter_peak,1.0
1,1088,Rail,OB_HBW,Weekday,AM_peak,34.0
1,1088,Rail,OB_HBW,Weekday,AM_peak_hr,14.0
1,1088,Rail,OB_HBW,Weekday,Inter_peak,2.0
1,1088,Rail,OB_HBW,Weekday,Off_peak,1.0
1,1088,Rail,OB_HBW,Weekday,PM_peak,1.0
1,1089,Rail,OB_HBW,Weekday,Inter_peak,1.0
1,1090,Rail,OB_HBW,Weekday,AM_peak,6.0
1,1090,Rail,OB_HBW,Weekday,AM_peak_hr,1.0
1,1090,Rail,OB_HBW,Weekday,Inter_peak,1.0
1,1090,Rail,OB_HBW,Weekday,PM_peak,1.0
1,1091,Rail,OB_HBW,Weekday,AM_peak,7.0
1,1091,Rail,OB_HBW,Weekday,AM_peak_hr,2.0
1,1091,Rail,OB_HBW,Weekday,Off_peak,1.0
1,1093,Rail,OB_HBW,Weekday,AM_peak,4.0
1,1093,Rail,OB_HBW,Weekday,AM_peak_hr,1.0
1,1095,Rail,OB_HBW,Weekday,AM_peak,1.0
1,1095,Rail,OB_HBW,Weekday,AM_peak_hr,1.0
1,1097,Rail,OB_HBW,Weekday,Off_peak,1.0
1,1099,Rail,OB_HBW,Weekday,AM_peak,3.0
1,1099,Rail,OB_HBW,Weekday,AM_peak_hr,1.0
1,1100,Rail,OB_HBW,Weekday,AM_peak,1.0
1,1100,Rail,OB_HBW,Weekday,AM_peak_hr,1.0
1,1104,Rail,OB_HBW,Weekday,AM_peak,1.0
1,1108,Rail,OB_HBW,Weekday,AM_peak,2.0
1,1108,Rail,OB_HBW,Weekday,AM_peak_hr,2.0
1,1110,Rail,OB_HBW,Weekday,AM_peak,35.0
1,1110,Rail,OB_HBW,Weekday,AM_peak_hr,18.0
1,1110,Rail,OB_HBW,Weekday,Inter_peak,2.0
1,1110,Rail,OB_HBW,Weekday,Off_peak,3.0
1,1110,Rail,OB_HBW,Weekday,PM_peak_hr,1.0
1,1111,Rail,OB_HBW,Weekday,AM_peak,1.0
1,1111,Rail,OB_HBW,Weekday,Inter_peak,1.0
1,1111,Rail,OB_HBW,Weekday,PM_peak,1.0
3,8,Rail,OB_HBW,Weekday,Inter_peak,1.0
3,1034,Rail,OB_HBW,Weekday,AM_peak,1.0
3,1062,Rail,OB_HBW,Weekday,AM_peak,1.0
4,1,Rail,OB_HBW,Weekday,Inter_peak,1.0
4,5,Rail,OB_HBW,Weekday,AM_peak,4.0
4,5,Rail,OB_HBW,Weekday,AM_peak_hr,1.0
4,6,Rail,OB_HBW,Weekday,AM_peak,1.0
4,6,Rail,OB_HBW,Weekday,Off_peak,1.0
4,1059,Rail,OB_HBW,Weekday,AM_peak,1.0
4,1088,Rail,OB_HBW,Weekday,AM_peak,1.0
4,1095,Rail,OB_HBW,Weekday,PM_peak,1.0
5,1,Rail,OB_HBW,Weekday,AM_peak_hr,1.0
5,3,Rail,OB_HBW,Weekday,AM_peak,1.0
5,5,Rail,OB_HBW,Weekday,AM_peak,12.0
5,5,Rail,OB_HBW,Weekday,AM_peak_hr,3.0
5,5,Rail,OB_HBW,Weekday,Off_peak,2.0
5,6,Rail,OB_HBW,Weekday,Inter_peak,1.0
5,6,Rail,OB_HBW,Weekday,Off_peak,2.0
5,9,Rail,OB_HBW,Weekday,AM_peak,1.0
5,1015,Rail,OB_HBW,Weekday,AM_peak,1.0
5,1015,Rail,OB_HBW,Weekday,AM_peak_hr,1.0
5,1050,Rail,OB_HBW,Weekday,AM_peak_hr,1.0
5,1062,Rail,OB_HBW,Weekday,AM_peak,1.0
5,1064,Rail,OB_HBW,Weekday,Off_peak,1.0
5,1065,Rail,OB_HBW,Weekday,AM_peak_hr,1.0
5,1088,Rail,OB_HBW,Weekday,AM_peak,1.0
5,1090,Rail,OB_HBW,Weekday,AM_peak_hr,1.0
5,1095,Rail,OB_HBW,Weekday,Inter_peak,1.0
5,1110,Rail,OB_HBW,Weekday,AM_peak,1.0
6,3,Rail,OB_HBW,Weekday,AM_peak,1.0
6,1013,Rail,OB_HBW,Weekday,AM_peak,1.0
6,1030,Rail,OB_HBW,Weekday,Inter_peak,1.0
6,1055,Rail,OB_HBW,Weekday,Inter_peak,1.0
6,1059,Rail,OB_HBW,Weekday,AM_peak,1.0
6,1062,Rail,OB_HBW,Weekday,AM_peak,1.0
6,1082,Rail,OB_HBW,Weekday,Off_peak,1.0
6,1088,Rail,OB_HBW,Weekday,AM_peak,3.0
6,1088,Rail,OB_HBW,Weekday,AM_peak_hr,3.0
6,1088,Rail,OB_HBW,Weekday,Inter_peak,1.0
6,1090,Rail,OB_HBW,Weekday,AM_peak,1.0
6,1090,Rail,OB_HBW,Weekday,AM_peak_hr,1.0
6,1090,Rail,OB_HBW,Weekday,Inter_peak,1.0
6,1091,Rail,OB_HBW,Weekday,Inter_peak,1.0
6,1093,Rail,OB_HBW,Weekday,AM_peak,1.0
6,1110,Rail,OB_HBW,Weekday,AM_peak,2.0
6,1110,Rail,OB_HBW,Weekday,Off_peak,1.0
7,1,Rail,OB_HBW,Weekday,Off_peak,1.0
7,6,Rail,OB_HBW,Weekday,AM_peak,1.0
7,6,Rail,OB_HBW,Weekday,Off_peak,10.0
7,1005,Rail,OB_HBW,Weekday,AM_peak,1.0
7,1005,Rail,OB_HBW,Weekday,Off_peak,1.0
7,1014,Rail,OB_HBW,Weekday,AM_peak,1.0
7,1019,Rail,OB_HBW,Weekday,AM_peak,1.0
7,1022,Rail,OB_HBW,Weekday,AM_peak,1.0
7,1025,Rail,OB_HBW,Weekday,AM_peak,1.0
7,1026,Rail,OB_HBW,Weekday,AM_peak,1.0
7,1029,Rail,OB_HBW,Weekday,AM_peak,1.0
7,1030,Rail,OB_HBW,Weekday,Inter_peak,1.0
7,1033,Rail,OB_HBW,Weekday,AM_peak,1.0
7,1034,Rail,OB_HBW,Weekday,AM_peak,1.0
7,1079,Rail,OB_HBW,Weekday,AM_peak,1.0
7,1082,Rail,OB_HBW,Weekday,AM_peak,1.0
7,1088,Rail,OB_HBW,Weekday,AM_peak,9.0
7,1088,Rail,OB_HBW,Weekday,AM_peak_hr,3.0
7,1088,Rail,OB_HBW,Weekday,Inter_peak,1.0
7,1088,Rail,OB_HBW,Weekday,Off_peak,1.0
7,1090,Rail,OB_HBW,Weekday,AM_peak,1.0
7,1090,Rail,OB_HBW,Weekday,AM_peak_hr,1.0
7,1091,Rail,OB_HBW,Weekday,AM_peak,5.0
7,1091,Rail,OB_HBW,Weekday,AM_peak_hr,2.0
7,1093,Rail,OB_HBW,Weekday,AM_peak,1.0
7,1095,Rail,OB_HBW,Weekday,AM_peak,1.0
7,1095,Rail,OB_HBW,Weekday,Off_peak,1.0
7,1099,Rail,OB_HBW,Weekday,AM_peak_hr,1.0
7,1100,Rail,OB_HBW,Weekday,AM_peak,1.0
7,1110,Rail,OB_HBW,Weekday,AM_peak,5.0
7,1110,Rail,OB_HBW,Weekday,AM_peak_hr,1.0
7,1110,Rail,OB_HBW,Weekday,Off_peak,1.0
7,1111,Rail,OB_HBW,Weekday,AM_peak,1.0
8,1,Rail,OB_HBW,Weekday,AM_peak,1.0
8,1029,Rail,OB_HBW,Weekday,AM_peak,1.0
8,1029,Rail,OB_HBW,Weekday,AM_peak_hr,1.0
8,1029,Rail,OB_HBW,Weekday,Off_peak,1.0
8,1082,Rail,OB_HBW,Weekday,Off_peak,1.0
8,1088,Rail,OB_HBW,Weekday,AM_peak,5.0
8,1088,Rail,OB_HBW,Weekday,AM_peak_hr,1.0
8,1088,Rail,OB_HBW,Weekday,Inter_peak,1.0
8,1088,Rail,OB_HBW,Weekday,PM_peak,1.0
8,1091,Rail,OB_HBW,Weekday,AM_peak,1.0
8,1091,Rail,OB_HBW,Weekday,AM_peak_hr,1.0
8,1093,Rail,OB_HBW,Weekday,AM_peak,2.0
8,1100,Rail,OB_HBW,Weekday,Off_peak,1.0
8,1110,Rail,OB_HBW,Weekday,AM_peak,1.0
8,1110,Rail,OB_HBW,Weekday,AM_peak_hr,1.0
8,1110,Rail,OB_HBW,Weekday,Inter_peak,1.0
8,1110,Rail,OB_HBW,Weekday,Off_peak,1.0
9,1,Rail,OB_HBW,Weekday,AM_peak,1.0
9,3,Rail,OB_HBW,Weekday,Inter_peak,1.0
9,5,Rail,OB_HBW,Weekday,AM_peak,1.0
1001,6,Rail,OB_HBW,Weekday,AM_peak,1.0
1001,6,Rail,OB_HBW,Weekday,Off_peak,3.0
1001,1088,Rail,OB_HBW,Weekday,AM_peak,2.0
1001,1095,Rail,OB_HBW,Weekday,AM_peak,1.0
1002,5,Rail,OB_HBW,Weekday,AM_peak,1.0
1002,5,Rail,OB_HBW,Weekday,Off_peak,5.0
1002,6,Rail,OB_HBW,Weekday,AM_peak,1.0
1002,6,Rail,OB_HBW,Weekday,Off_peak,1.0
1002,1093,Rail,OB_HBW,Weekday,AM_peak,1.0
1002,1110,Rail,OB_HBW,Weekday,AM_peak,1.0
1003,1,Rail,OB_HBW,Weekday,Off_peak,1.0
1003,1088,Rail,OB_HBW,Weekday,AM_peak,1.0
1003,1088,Rail,OB_HBW,Weekday,Inter_peak,1.0
1003,1091,Rail,OB_HBW,Weekday,AM_peak,1.0
1003,1091,Rail,OB_HBW,Weekday,Inter_peak,1.0
1003,1110,Rail,OB_HBW,Weekday,AM_peak,2.0
1004,1088,Rail,OB_HBW,Weekday,AM_peak,3.0
1004,1088,Rail,OB_HBW,Weekday,Off_peak,1.0
1004,1091,Rail,OB_HBW,Weekday,AM_peak,1.0
1004,1093,Rail,OB_HBW,Weekday,AM_peak,1.0
1004,1110,Rail,OB_HBW,Weekday,AM_peak,1.0
1005,1019,Rail,OB_HBW,Weekday,AM_peak,1.0
1005,1088,Rail,OB_HBW,Weekday,AM_peak,4.0
1005,1088,Rail,OB_HBW,Weekday,AM_peak_hr,1.0
1005,1091,Rail,OB_HBW,Weekday,AM_peak,3.0
1005,1091,Rail,OB_HBW,Weekday,AM_peak_hr,1.0
1005,1093,Rail,OB_HBW,Weekday,AM_peak,1.0
1005,1110,Rail,OB_HBW,Weekday,AM_peak,1.0
1005,1110,Rail,OB_HBW,Weekday,AM_peak_hr,1.0
1005,1110,Rail,OB_HBW,Weekday,Off_peak,1.0
1006,6,Rail,OB_HBW,Weekday,Off_peak,1.0
1006,1009,Rail,OB_HBW,Weekday,AM_peak,1.0
1006,1088,Rail,OB_HBW,Weekday,AM_peak,1.0
1006,1088,Rail,OB_HBW,Weekday,AM_peak_hr,1.0
1006,1094,Rail,OB_HBW,Weekday,AM_peak,1.0
1006,1101,Rail,OB_HBW,Weekday,AM_peak,1.0
1007,6,Rail,OB_HBW,Weekday,AM_peak,1.0
1007,6,Rail,OB_HBW,Weekday,Off_peak,2.0
1008,6,Rail,OB_HBW,Weekday,Off_peak,1.0
1008,1088,Rail,OB_HBW,Weekday,AM_peak,1.0
1008,1088,Rail,OB_HBW,Weekday,Off_peak,1.0
1009,5,Rail,OB_HBW,Weekday,AM_peak,1.0
1009,5,Rail,OB_HBW,Weekday,Off_peak,1.0
1010,1,Rail,OB_HBW,Weekday,AM_peak,1.0
1010,5,Rail,OB_HBW,Weekday,AM_peak,1.0
1010,6,Rail,OB_HBW,Weekday,AM_peak,1.0
1010,6,Rail,OB_HBW,Weekday,Off_peak,3.0
1010,1016,Rail,OB_HBW,Weekday,AM_peak,1.0
1010,1088,Rail,OB_HBW,Weekday,AM_peak,2.0
1011,1,Rail,OB_HBW,Weekday,AM_peak,4.0
1011,1,Rail,OB_HBW,Weekday,AM_peak_hr,1.0
1011,1,Rail,OB_HBW,Weekday,Off_peak,1.0
1011,5,Rail,OB_HBW,Weekday,AM_peak,5.0
1011,5,Rail,OB_HBW,Weekday,Off_peak,6.0
1011,6,Rail,OB_HBW,Weekday,Off_peak,1.0
1011,9,Rail,OB_HBW,Weekday,AM_peak,1.0
1011,1016,Rail,OB_HBW,Weekday,AM_peak,1.0
1011,1019,Rail,OB_HBW,Weekday,AM_peak,1.0
1011,1030,Rail,OB_HBW,Weekday,AM_peak,1.0
1011,1034,Rail,OB_HBW,Weekday,AM_peak,1.0
1011,1067,Rail,OB_HBW,Weekday,Off_peak,1.0
1011,1082,Rail,OB_HBW,Weekday,AM_peak,1.0
1011,1083,Rail,OB_HBW,Weekday,AM_peak,1.0
1011,1084,Rail,OB_HBW,Weekday,AM_peak,1.0
1011,1088,Rail,OB_HBW,Weekday,AM_peak,3.0
1011,1088,Rail,OB_HBW,Weekday,AM_peak_hr,1.0
1011,1091,Rail,OB_HBW,Weekday,AM_peak_hr,1.0
1011,1093,Rail,OB_HBW,Weekday,AM_peak,1.0
1011,1094,Rail,OB_HBW,Weekday,AM_peak_hr,1.0
1011,1099,Rail,OB_HBW,Weekday,AM_peak,1.0
1011,1110,Rail,OB_HBW,Weekday,AM_peak,6.0
1011,1110,Rail,OB_HBW,Weekday,AM_peak_hr,2.0
1011,1110,Rail,OB_HBW,Weekday,Inter_peak,1.0
1012,5,Rail,OB_HBW,Weekday,AM_peak,7.0
1012,5,Rail,OB_HBW,Weekday,AM_peak_hr,1.0
1012,5,Rail,OB_HBW,Weekday,Off_peak,3.0
1012,6,Rail,OB_HBW,Weekday,Off_peak,2.0
1012,9,Rail,OB_HBW,Weekday,AM_peak,1.0
1012,9,Rail,OB_HBW,Weekday,PM_peak_hr,1.0
1012,1004,Rail,OB_HBW,Weekday,AM_peak,1.0
1012,1011,Rail,OB_HBW,Weekday,AM_peak,1.0
1012,1015,Rail,OB_HBW,Weekday,AM_peak,1.0
1012,1051,Rail,OB_HBW,Weekday,Off_peak,1.0
1012,1088,Rail,OB_HBW,Weekday,AM_peak,1.0
1012,1088,Rail,OB_HBW,Weekday,Off_peak,1.0
1012,1110,Rail,OB_HBW,Weekday,AM_peak,1.0
1013,1,Rail,OB_HBW,Weekday,Off_peak,2.0
1013,5,Rail,OB_HBW,Weekday,AM_peak,1.0
1013,5,Rail,OB_HBW,Weekday,Off_peak,1.0
1013,6,Rail,OB_HBW,Weekday,AM_peak,1.0
1013,6,Rail,OB_HBW,Weekday,AM_peak_hr,1.0
1013,6,Rail,OB_HBW,Weekday,Off_peak,1.0
1013,9,Rail,OB_HBW,Weekday,AM_peak_hr,1.0
1013,1030,Rail,OB_HBW,Weekday,Inter_peak,1.0
1013,1083,Rail,OB_HBW,Weekday,AM_peak_hr,1.0
1013,1088,Rail,OB_HBW,Weekday,AM_peak,4.0
1013,1088,Rail,OB_HBW,Weekday,AM_peak_hr,1.0
1013,1089,Rail,OB_HBW,Weekday,AM_peak,1.0
1013,1091,Rail,OB_HBW,Weekday,AM_peak,1.0
1013,1092,Rail,OB_HBW,Weekday,AM_peak,1.0
1013,1092,Rail,OB_HBW,Weekday,AM_peak_hr,1.0
1013,1099,Rail,OB_HBW,Weekday,AM_peak,1.0
1013,1110,Rail,OB_HBW,Weekday,AM_peak,3.0
1013,1110,Rail,OB_HBW,Weekday,AM_peak_hr,1.0
1014,1,Rail,OB_HBW,Weekday,AM_peak,1.0
1014,5,Rail,OB_HBW,Weekday,AM_peak,2.0
1014,6,Rail,OB_HBW,Weekday,AM_peak,1.0
1014,6,Rail,OB_HBW,Weekday,Off_peak,5.0
1014,1013,Rail,OB_HBW,Weekday,Inter_peak,1.0
1014,1030,Rail,OB_HBW,Weekday,AM_peak,1.0
1014,1084,Rail,OB_HBW,Weekday,AM_peak,1.0
1014,1088,Rail,OB_HBW,Weekday,AM_peak,2.0
1014,1088,Rail,OB_HBW,Weekday,AM_peak_hr,1.0
1014,1093,Rail,OB_HBW,Weekday,AM_peak,1.0
1014,1093,Rail,OB_HBW,Weekday,Inter_peak,1.0
1014,1098,Rail,OB_HBW,Weekday,AM_peak,1.0
1014,1101,Rail,OB_HBW,Weekday,AM_peak,1.0
1014,1110,Rail,OB_HBW,Weekday,AM_peak,1.0
1015,1,Rail,OB_HBW,Weekday,Off_peak,1.0
1015,5,Rail,OB_HBW,Weekday,AM_peak,3.0
1015,5,Rail,OB_HBW,Weekday,Inter_peak,1.0
1015,5,Rail,OB_HBW,Weekday,Off_peak,1.0
1015,6,Rail,OB_HBW,Weekday,Off_peak,3.0
1015,9,Rail,OB_HBW,Weekday,AM_peak,1.0
1015,9,Rail,OB_HBW,Weekday,Off_peak,1.0
1015,1010,Rail,OB_HBW,Weekday,AM_peak_hr,1.0
1015,1011,Rail,OB_HBW,Weekday,AM_peak,2.0
1015,1011,Rail,OB_HBW,Weekday,AM_peak_hr,1.0
1015,1030,Rail,OB_HBW,Weekday,AM_peak,1.0
1015,1082,Rail,OB_HBW,Weekday,AM_peak,1.0
1015,1089,Rail,OB_HBW,Weekday,AM_peak,1.0
1015,1110,Rail,OB_HBW,Weekday,AM_peak,2.0
1015,1110,Rail,OB_HBW,Weekday,AM_peak_hr,1.0
1015,1110,Rail,OB_HBW,Weekday,Inter_peak,1.0
1015,1111,Rail,OB_HBW,Weekday,AM_peak,1.0
1016,1,Rail,OB_HBW,Weekday,AM_peak,2.0
1016,1,Rail,OB_HBW,Weekday,AM_peak_hr,1.0
1016,5,Rail,OB_HBW,Weekday,AM_peak,6.0
1016,5,Rail,OB_HBW,Weekday,AM_peak_hr,1.0
1016,5,Rail,OB_HBW,Weekday,Inter_peak,1.0
1016,5,Rail,OB_HBW,Weekday,Off_peak,2.0
1016,6,Rail,OB_HBW,Weekday,AM_peak,2.0
1016,6,Rail,OB_HBW,Weekday,Inter_peak,1.0
1016,6,Rail,OB_HBW,Weekday,Off_peak,3.0
1016,9,Rail,OB_HBW,Weekday,AM_peak,1.0
1016,9,Rail,OB_HBW,Weekday,Off_peak,1.0
1016,1011,Rail,OB_HBW,Weekday,AM_peak,1.0
1016,1019,Rail,OB_HBW,Weekday,AM_peak,1.0
1016,1030,Rail,OB_HBW,Weekday,AM_peak,1.0
1016,1087,Rail,OB_HBW,Weekday,AM_peak,1.0
1016,1088,Rail,OB_HBW,Weekday,AM_peak,2.0
1016,1091,Rail,OB_HBW,Weekday,AM_peak,1.0
1016,1093,Rail,OB_HBW,Weekday,AM_peak,1.0
1016,1098,Rail,OB_HBW,Weekday,AM_peak,2.0
1016,1100,Rail,OB_HBW,Weekday,AM_peak,1.0
1016,1110,Rail,OB_HBW,Weekday,AM_peak,2.0
1016,1110,Rail,OB_HBW,Weekday,Off_peak,1.0
1017,5,Rail,OB_HBW,Weekday,AM_peak,5.0
1017,5,Rail,OB_HBW,Weekday,AM_peak_hr,3.0
1017,5,Rail,OB_HBW,Weekday,Off_peak,2.0
1017,6,Rail,OB_HBW,Weekday,AM_peak,1.0
1017,6,Rail,OB_HBW,Weekday,Off_peak,1.0
1017,9,Rail,OB_HBW,Weekday,AM_peak,1.0
1017,9,Rail,OB_HBW,Weekday,Off_peak,1.0
1017,1010,Rail,OB_HBW,Weekday,AM_peak,1.0
1017,1011,Rail,OB_HBW,Weekday,AM_peak,1.0
1017,1011,Rail,OB_HBW,Weekday,AM_peak_hr,1.0
1017,1013,Rail,OB_HBW,Weekday,AM_peak,1.0
1017,1013,Rail,OB_HBW,Weekday,AM_peak_hr,1.0
1017,1082,Rail,OB_HBW,Weekday,AM_peak,1.0
1017,1088,Rail,OB_HBW,Weekday,AM_peak,2.0
1017,1088,Rail,OB_HBW,Weekday,AM_peak_hr,1.0
1017,1088,Rail,OB_HBW,Weekday,Off_peak,1.0
1017,1090,Rail,OB_HBW,Weekday,AM_peak,1.0
1017,1090,Rail,OB_HBW,Weekday,Off_peak,1.0
1017,1091,Rail,OB_HBW,Weekday,AM_peak,2.0
1017,1091,Rail,OB_HBW,Weekday,AM_peak_hr,1.0
1017,1093,Rail,OB_HBW,Weekday,AM_peak,1.0
1017,1094,Rail,OB_HBW,Weekday,Off_peak,1.0
1017,1111,Rail,OB_HBW,Weekday,AM_peak,1.0
1018,6,Rail,OB_HBW,Weekday,Inter_peak,1.0
1018,6,Rail,OB_HBW,Weekday,Off_peak,2.0
1018,8,Rail,OB_HBW,Weekday,AM_peak_hr,1.0
1018,1088,Rail,OB_HBW,Weekday,AM_peak,1.0
1019,1,Rail,OB_HBW,Weekday,Off_peak,1.0
1019,5,Rail,OB_HBW,Weekday,AM_peak,1.0
1019,5,Rail,OB_HBW,Weekday,Off_peak,2.0
1019,1013,Rail,OB_HBW,Weekday,Off_peak,1.0
1019,1088,Rail,OB_HBW,Weekday,AM_peak,1.0
1019,1093,Rail,OB_HBW,Weekday,AM_peak,1.0
1020,6,Rail,OB_HBW,Weekday,Off_peak,1.0
1020,1093,Rail,OB_HBW,Weekday,AM_peak,1.0
1020,1104,Rail,OB_HBW,Weekday,AM_peak,1.0
1020,1108,Rail,OB_HBW,Weekday,AM_peak,1.0
1021,4,Rail,OB_HBW,Weekday,Off_peak,1.0
1021,6,Rail,OB_HBW,Weekday,Inter_peak,1.0
1021,6,Rail,OB_HBW,Weekday,Off_peak,3.0
1021,7,Rail,OB_HBW,Weekday,AM_peak,1.0
1021,1108,Rail,OB_HBW,Weekday,AM_peak_hr,1.0
1021,1111,Rail,OB_HBW,Weekday,Inter_peak,1.0
1022,1,Rail,OB_HBW,Weekday,AM_peak,1.0
1022,1,Rail,OB_HBW,Weekday,Inter_peak,1.0
1022,1,Rail,OB_HBW,Weekday,Off_peak,1.0
1022,1093,Rail,OB_HBW,Weekday,AM_peak,1.0
1022,1108,Rail,OB_HBW,Weekday,AM_peak,1.0
1023,1,Rail,OB_HBW,Weekday,AM_peak,2.0
1023,1,Rail,OB_HBW,Weekday,Off_peak,1.0
1023,5,Rail,OB_HBW,Weekday,AM_peak,1.0
1023,6,Rail,OB_HBW,Weekday,Off_peak,2.0
1023,7,Rail,OB_HBW,Weekday,Off_peak,1.0
1023,1088,Rail,OB_HBW,Weekday,AM_peak,1.0
1024,1,Rail,OB_HBW,Weekday,Off_peak,1.0
1024,1005,Rail,OB_HBW,Weekday,AM_peak,1.0
1024,1033,Rail,OB_HBW,Weekday,AM_peak,1.0
1024,1088,Rail,OB_HBW,Weekday,AM_peak_hr,1.0
1025,1,Rail,OB_HBW,Weekday,AM_peak,4.0
1025,5,Rail,OB_HBW,Weekday,Off_peak,1.0
1025,6,Rail,OB_HBW,Weekday,AM_peak,4.0
1025,6,Rail,OB_HBW,Weekday,Off_peak,3.0
1025,1006,Rail,OB_HBW,Weekday,AM_peak_hr,1.0
1025,1013,Rail,OB_HBW,Weekday,AM_peak,1.0
1025,1088,Rail,OB_HBW,Weekday,AM_peak,1.0
1025,1088,Rail,OB_HBW,Weekday,AM_peak_hr,1.0
1025,1088,Rail,OB_HBW,Weekday,Inter_peak,1.0
1025,1092,Rail,OB_HBW,Weekday,Off_peak,1.0
1025,1095,Rail,OB_HBW,Weekday,AM_peak,1.0
1025,1099,Rail,OB_HBW,Weekday,AM_peak,1.0
1026,1,Rail,OB_HBW,Weekday,Off_peak,1.0
1026,6,Rail,OB_HBW,Weekday,AM_peak,2.0
1026,6,Rail,OB_HBW,Weekday,Off_peak,2.0
1026,1015,Rail,OB_HBW,Weekday,AM_peak,1.0
1026,1017,Rail,OB_HBW,Weekday,AM_peak,1.0
1027,1,Rail,OB_HBW,Weekday,AM_peak,1.0
1027,1,Rail,OB_HBW,Weekday,Off_peak,2.0
1027,4,Rail,OB_HBW,Weekday,Off_peak,1.0
1028,1,Rail,OB_HBW,Weekday,Off_peak,1.0
1028,5,Rail,OB_HBW,Weekday,Off_peak,1.0
1029,1,Rail,OB_HBW,Weekday,AM_peak_hr,1.0
1029,1,Rail,OB_HBW,Weekday,Off_peak,1.0
1029,6,Rail,OB_HBW,Weekday,AM_peak,1.0
1029,6,Rail,OB_HBW,Weekday,Off_peak,2.0
1030,1,Rail,OB_HBW,Weekday,Off_peak,1.0
1030,5,Rail,OB_HBW,Weekday,Off_peak,1.0
1030,6,Rail,OB_HBW,Weekday,Off_peak,1.0
1030,1013,Rail,OB_HBW,Weekday,AM_peak,1.0
1030,1090,Rail,OB_HBW,Weekday,AM_peak,1.0
1030,1095,Rail,OB_HBW,Weekday,AM_peak,1.0
1030,1100,Rail,OB_HBW,Weekday,AM_peak,1.0
1030,1108,Rail,OB_HBW,Weekday,AM_peak,1.0
1031,1,Rail,OB_HBW,Weekday,AM_peak,2.0
1031,1,Rail,OB_HBW,Weekday,Off_peak,1.0
1031,6,Rail,OB_HBW,Weekday,AM_peak,3.0
1031,6,Rail,OB_HBW,Weekday,AM_peak_hr,1.0
1031,6,Rail,OB_HBW,Weekday,Off_peak,1.0
1031,1087,Rail,OB_HBW,Weekday,AM_peak,1.0
1031,1087,Rail,OB_HBW,Weekday,Off_peak,1.0
1031,1088,Rail,OB_HBW,Weekday,AM_peak,2.0
1031,1088,Rail,OB_HBW,Weekday,AM_peak_hr,1.0
1031,1088,Rail,OB_HBW,Weekday,Inter_peak,1.0
1031,1088,Rail,OB_HBW,Weekday,Off_peak,1.0
1031,1091,Rail,OB_HBW,Weekday,AM_peak,1.0
1031,1110,Rail,OB_HBW,Weekday,AM_peak,1.0
1031,1110,Rail,OB_HBW,Weekday,Inter_peak,1.0
1032,1,Rail,OB_HBW,Weekday,AM_peak,1.0
1032,1,Rail,OB_HBW,Weekday,Inter_peak,1.0
1032,1,Rail,OB_HBW,Weekday,Off_peak,1.0
1032,6,Rail,OB_HBW,Weekday,AM_peak,1.0
1032,1011,Rail,OB_HBW,Weekday,AM_peak,1.0
1032,1104,Rail,OB_HBW,Weekday,Off_peak,1.0
1032,1108,Rail,OB_HBW,Weekday,AM_peak_hr,1.0
1033,1,Rail,OB_HBW,Weekday,AM_peak,1.0
1033,1,Rail,OB_HBW,Weekday,AM_peak_hr,1.0
1033,1,Rail,OB_HBW,Weekday,Off_peak,2.0
1033,4,Rail,OB_HBW,Weekday,AM_peak,1.0
1033,5,Rail,OB_HBW,Weekday,AM_peak,2.0
1033,5,Rail,OB_HBW,Weekday,AM_peak_hr,1.0
1033,5,Rail,OB_HBW,Weekday,Off_peak,1.0
1033,6,Rail,OB_HBW,Weekday,AM_peak,2.0
1033,6,Rail,OB_HBW,Weekday,AM_peak_hr,1.0
1033,6,Rail,OB_HBW,Weekday,Off_peak,5.0
1033,1009,Rail,OB_HBW,Weekday,AM_peak,1.0
1033,1100,Rail,OB_HBW,Weekday,AM_peak,1.0
1034,1,Rail,OB_HBW,Weekday,Off_peak,2.0
1034,5,Rail,OB_HBW,Weekday,Off_peak,1.0
1034,6,Rail,OB_HBW,Weekday,AM_peak,1.0
1034,6,Rail,OB_HBW,Weekday,Off_peak,2.0
1034,1013,Rail,OB_HBW,Weekday,AM_peak,1.0
1034,1082,Rail,OB_HBW,Weekday,AM_peak,1.0
1034,1086,Rail,OB_HBW,Weekday,AM_peak,1.0
1034,1088,Rail,OB_HBW,Weekday,AM_peak,1.0
1035,6,Rail,OB_HBW,Weekday,AM_peak,1.0
1035,1005,Rail,OB_HBW,Weekday,AM_peak,1.0
1035,1084,Rail,OB_HBW,Weekday,AM_peak,1.0
1035,1088,Rail,OB_HBW,Weekday,AM_peak,2.0
1035,1091,Rail,OB_HBW,Weekday,AM_peak,1.0
1035,1091,Rail,OB_HBW,Weekday,AM_peak_hr,1.0
1035,1093,Rail,OB_HBW,Weekday,AM_peak,1.0
1035,1093,Rail,OB_HBW,Weekday,AM_peak_hr,1.0
1035,1099,Rail,OB_HBW,Weekday,AM_peak,1.0
1035,1101,Rail,OB_HBW,Weekday,AM_peak,1.0
1035,1110,Rail,OB_HBW,Weekday,AM_peak,1.0
1035,1110,Rail,OB_HBW,Weekday,AM_peak_hr,1.0
1035,1110,Rail,OB_HBW,Weekday,Inter_peak,1.0
1035,1110,Rail,OB_HBW,Weekday,PM_peak,1.0
1036,1,Rail,OB_HBW,Weekday,Off_peak,1.0
1036,1082,Rail,OB_HBW,Weekday,AM_peak,1.0
1036,1082,Rail,OB_HBW,Weekday,Off_peak,1.0
1036,1090,Rail,OB_HBW,Weekday,AM_peak,1.0
1036,1090,Rail,OB_HBW,Weekday,Inter_peak,1.0
1036,1093,Rail,OB_HBW,Weekday,AM_peak_hr,1.0
1036,1102,Rail,OB_HBW,Weekday,AM_peak,1.0
1036,1110,Rail,OB_HBW,Weekday,AM_peak,1.0
1036,1110,Rail,OB_HBW,Weekday,AM_peak_hr,1.0
1037,1088,Rail,OB_HBW,Weekday,AM_peak,1.0
1037,1088,Rail,OB_HBW,Weekday,AM_peak_hr,1.0
1037,1091,Rail,OB_HBW,Weekday,AM_peak,1.0
1037,1095,Rail,OB_HBW,Weekday,Off_peak,1.0
1037,1097,Rail,OB_HBW,Weekday,AM_peak,1.0
1037,1100,Rail,OB_HBW,Weekday,AM_peak,1.0
1037,1110,Rail,OB_HBW,Weekday,AM_peak,2.0
1038,6,Rail,OB_HBW,Weekday,Off_peak,1.0
1038,6,Rail,OB_HBW,Weekday,PM_peak,1.0
1038,6,Rail,OB_HBW,Weekday,PM_peak_hr,1.0
1038,1088,Rail,OB_HBW,Weekday,AM_peak,2.0
1038,1088,Rail,OB_HBW,Weekday,Off_peak,1.0
1038,1095,Rail,OB_HBW,Weekday,AM_peak,1.0
1038,1099,Rail,OB_HBW,Weekday,Off_peak,1.0
1038,1110,Rail,OB_HBW,Weekday,AM_peak,2.0
1039,1088,Rail,OB_HBW,Weekday,AM_peak,1.0
1039,1090,Rail,OB_HBW,Weekday,AM_peak,1.0
1039,1110,Rail,OB_HBW,Weekday,AM_peak,1.0
1040,1,Rail,OB_HBW,Weekday,AM_peak,1.0
1040,1019,Rail,OB_HBW,Weekday,Inter_peak,1.0
1040,1088,Rail,OB_HBW,Weekday,AM_peak,2.0
1040,1088,Rail,OB_HBW,Weekday,AM_peak_hr,1.0
1040,1091,Rail,OB_HBW,Weekday,AM_peak,2.0
1040,1091,Rail,OB_HBW,Weekday,AM_peak_hr,1.0
1040,1110,Rail,OB_HBW,Weekday,AM_peak_hr,1.0
1041,1,Rail,OB_HBW,Weekday,AM_peak,1.0
1041,1088,Rail,OB_HBW,Weekday,AM_peak,2.0
1041,1088,Rail,OB_HBW,Weekday,Inter_peak,1.0
1041,1090,Rail,OB_HBW,Weekday,AM_peak,1.0
1041,1091,Rail,OB_HBW,Weekday,AM_peak,1.0
1041,1095,Rail,OB_HBW,Weekday,AM_peak,1.0
1041,1110,Rail,OB_HBW,Weekday,AM_peak,1.0
1041,1110,Rail,OB_HBW,Weekday,AM_peak_hr,1.0
1042,1,Rail,OB_HBW,Weekday,AM_peak,1.0
1042,1087,Rail,OB_HBW,Weekday,PM_peak,1.0
1042,1088,Rail,OB_HBW,Weekday,AM_peak,2.0
1042,1093,Rail,OB_HBW,Weekday,AM_peak,1.0
1043,6,Rail,OB_HBW,Weekday,AM_peak,1.0
1043,6,Rail,OB_HBW,Weekday,AM_peak_hr,1.0
1043,1088,Rail,OB_HBW,Weekday,AM_peak,1.0
1043,1091,Rail,OB_HBW,Weekday,AM_peak_hr,1.0
1044,1088,Rail,OB_HBW,Weekday,AM_peak,2.0
1044,1088,Rail,OB_HBW,Weekday,Off_peak,1.0
1044,1091,Rail,OB_HBW,Weekday,AM_peak,1.0
1044,1093,Rail,OB_HBW,Weekday,AM_peak,1.0
1044,1093,Rail,OB_HBW,Weekday,Off_peak,1.0
1044,1102,Rail,OB_HBW,Weekday,Off_peak,1.0
1044,1110,Rail,OB_HBW,Weekday,AM_peak,1.0
1044,1110,Rail,OB_HBW,Weekday,Off_peak,1.0
1045,1,Rail,OB_HBW,Weekday,Off_peak,1.0
1045,1026,Rail,OB_HBW,Weekday,AM_peak,1.0
1045,1088,Rail,OB_HBW,Weekday,AM_peak,1.0
1045,1091,Rail,OB_HBW,Weekday,AM_peak,1.0
1045,1091,Rail,OB_HBW,Weekday,AM_peak_hr,1.0
1045,1093,Rail,OB_HBW,Weekday,AM_peak,1.0
1045,1102,Rail,OB_HBW,Weekday,AM_peak,1.0
1045,1110,Rail,OB_HBW,Weekday,AM_peak,1.0
1045,1111,Rail,OB_HBW,Weekday,AM_peak,1.0
1046,6,Rail,OB_HBW,Weekday,Off_peak,1.0
1046,1023,Rail,OB_HBW,Weekday,AM_peak_hr,1.0
1046,1088,Rail,OB_HBW,Weekday,AM_peak,1.0
1046,1088,Rail,OB_HBW,Weekday,Off_peak,1.0
1046,1093,Rail,OB_HBW,Weekday,Off_peak,1.0
1046,1094,Rail,OB_HBW,Weekday,Inter_peak,1.0
1046,1110,Rail,OB_HBW,Weekday,AM_peak,1.0
1046,1110,Rail,OB_HBW,Weekday,Off_peak,1.0
1047,6,Rail,OB_HBW,Weekday,Off_peak,1.0
1047,1088,Rail,OB_HBW,Weekday,AM_peak,1.0
1048,1011,Rail,OB_HBW,Weekday,Off_peak,1.0
1048,1088,Rail,OB_HBW,Weekday,AM_peak,1.0
1050,1,Rail,OB_HBW,Weekday,AM_peak,1.0
1050,6,Rail,OB_HBW,Weekday,Off_peak,1.0
1050,6,Rail,OB_HBW,Weekday,PM_peak,1.0
1051,6,Rail,OB_HBW,Weekday,Off_peak,2.0
1052,5,Rail,OB_HBW,Weekday,AM_peak,1.0
1052,5,Rail,OB_HBW,Weekday,Off_peak,3.0
1052,6,Rail,OB_HBW,Weekday,Off_peak,2.0
1053,5,Rail,OB_HBW,Weekday,AM_peak,4.0
1053,5,Rail,OB_HBW,Weekday,AM_peak_hr,1.0
1053,5,Rail,OB_HBW,Weekday,Inter_peak,1.0
1053,5,Rail,OB_HBW,Weekday,Off_peak,5.0
1053,6,Rail,OB_HBW,Weekday,Inter_peak,1.0
1053,6,Rail,OB_HBW,Weekday,Off_peak,4.0
1054,1,Rail,OB_HBW,Weekday,Inter_peak,1.0
1054,5,Rail,OB_HBW,Weekday,AM_peak,1.0
1054,5,Rail,OB_HBW,Weekday,AM_peak_hr,1.0
1054,5,Rail,OB_HBW,Weekday,Off_peak,1.0
1054,6,Rail,OB_HBW,Weekday,Off_peak,1.0
1055,5,Rail,OB_HBW,Weekday,AM_peak,7.0
1055,5,Rail,OB_HBW,Weekday,AM_peak_hr,2.0
1055,5,Rail,OB_HBW,Weekday,Inter_peak,2.0
1055,5,Rail,OB_HBW,Weekday,Off_peak,2.0
1056,5,Rail,OB_HBW,Weekday,AM_peak,3.0
1056,5,Rail,OB_HBW,Weekday,Off_peak,2.0
1056,6,Rail,OB_HBW,Weekday,Off_peak,1.0
1057,5,Rail,OB_HBW,Weekday,AM_peak,4.0
1057,5,Rail,OB_HBW,Weekday,AM_peak_hr,2.0
1057,5,Rail,OB_HBW,Weekday,Off_peak,2.0
1057,5,Rail,OB_HBW,Weekday,PM_peak,1.0
1057,6,Rail,OB_HBW,Weekday,Off_peak,1.0
1057,1078,Rail,OB_HBW,Weekday,Off_peak,1.0
1058,5,Rail,OB_HBW,Weekday,AM_peak,4.0
1058,5,Rail,OB_HBW,Weekday,AM_peak_hr,1.0
1058,5,Rail,OB_HBW,Weekday,Inter_peak,1.0
1058,5,Rail,OB_HBW,Weekday,Off_peak,1.0
1058,6,Rail,OB_HBW,Weekday,AM_peak_hr,1.0
1058,6,Rail,OB_HBW,Weekday,Off_peak,1.0
1059,1,Rail,OB_HBW,Weekday,AM_peak,1.0
1059,1,Rail,OB_HBW,Weekday,AM_peak_hr,1.0
1059,1,Rail,OB_HBW,Weekday,Off_peak,1.0
1059,5,Rail,OB_HBW,Weekday,AM_peak,11.0
1059,5,Rail,OB_HBW,Weekday,AM_peak_hr,4.0
1059,5,Rail,OB_HBW,Weekday,Inter_peak,3.0
1059,5,Rail,OB_HBW,Weekday,Off_peak,3.0
1059,5,Rail,OB_HBW,Weekday,PM_peak,1.0
1059,6,Rail,OB_HBW,Weekday,AM_peak,1.0
1060,1,Rail,OB_HBW,Weekday,AM_peak,1.0
1060,1,Rail,OB_HBW,Weekday,AM_peak_hr,1.0
1060,3,Rail,OB_HBW,Weekday,Inter_peak,1.0
1060,5,Rail,OB_HBW,Weekday,AM_peak,3.0
1060,5,Rail,OB_HBW,Weekday,Off_peak,1.0
1060,6,Rail,OB_HBW,Weekday,AM_peak,1.0
1060,6,Rail,OB_HBW,Weekday,Off_peak,3.0
1061,5,Rail,OB_HBW,Weekday,AM_peak,3.0
1061,5,Rail,OB_HBW,Weekday,AM_peak_hr,1.0
1061,5,Rail,OB_HBW,Weekday,Inter_peak,1.0
1061,5,Rail,OB_HBW,Weekday,Off_peak,2.0
1061,6,Rail,OB_HBW,Weekday,Off_peak,4.0
1062,5,Rail,OB_HBW,Weekday,AM_peak,16.0
1062,5,Rail,OB_HBW,Weekday,AM_peak_hr,4.0
1062,5,Rail,OB_HBW,Weekday,Inter_peak,2.0
1062,5,Rail,OB_HBW,Weekday,Off_peak,11.0
1062,6,Rail,OB_HBW,Weekday,AM_peak,3.0
1062,6,Rail,OB_HBW,Weekday,Off_peak,8.0
1062,9,Rail,OB_HBW,Weekday,AM_peak,1.0
1062,1055,Rail,OB_HBW,Weekday,Off_peak,1.0
1063,1,Rail,OB_HBW,Weekday,Off_peak,1.0
1063,5,Rail,OB_HBW,Weekday,AM_peak,4.0
1063,5,Rail,OB_HBW,Weekday,AM_peak_hr,1.0
1063,5,Rail,OB_HBW,Weekday,Off_peak,8.0
1063,6,Rail,OB_HBW,Weekday,Off_peak,3.0
1063,1010,Rail,OB_HBW,Weekday,AM_peak,1.0
1064,1,Rail,OB_HBW,Weekday,Inter_peak,1.0
1064,1,Rail,OB_HBW,Weekday,Off_peak,1.0
1064,5,Rail,OB_HBW,Weekday,AM_peak,7.0
1064,5,Rail,OB_HBW,Weekday,AM_peak_hr,1.0
1064,5,Rail,OB_HBW,Weekday,Off_peak,2.0
1064,6,Rail,OB_HBW,Weekday,AM_peak,2.0
1064,6,Rail,OB_HBW,Weekday,Off_peak,5.0
1065,1,Rail,OB_HBW,Weekday,AM_peak,1.0
1065,1,Rail,OB_HBW,Weekday,Off_peak,2.0
1065,5,Rail,OB_HBW,Weekday,AM_peak,40.0
1065,5,Rail,OB_HBW,Weekday,AM_peak_hr,14.0
1065,5,Rail,OB_HBW,Weekday,Inter_peak,3.0
1065,5,Rail,OB_HBW,Weekday,Off_peak,33.0
1065,5,Rail,OB_HBW,Weekday,PM_peak_hr,1.0
1065,6,Rail,OB_HBW,Weekday,AM_peak,3.0
1065,6,Rail,OB_HBW,Weekday,AM_peak_hr,1.0
1065,6,Rail,OB_HBW,Weekday,Off_peak,11.0
1065,9,Rail,OB_HBW,Weekday,AM_peak,1.0
1065,9,Rail,OB_HBW,Weekday,Off_peak,1.0
1066,5,Rail,OB_HBW,Weekday,AM_peak,25.0
1066,5,Rail,OB_HBW,Weekday,AM_peak_hr,8.0
1066,5,Rail,OB_HBW,Weekday,Inter_peak,1.0
1066,5,Rail,OB_HBW,Weekday,Off_peak,10.0
1066,6,Rail,OB_HBW,Weekday,AM_peak,5.0
1066,6,Rail,OB_HBW,Weekday,Inter_peak,1.0
1066,6,Rail,OB_HBW,Weekday,Off_peak,13.0
1066,9,Rail,OB_HBW,Weekday,Off_peak,1.0
1067,1,Rail,OB_HBW,Weekday,AM_peak,1.0
1067,1,Rail,OB_HBW,Weekday,Off_peak,1.0
1067,5,Rail,OB_HBW,Weekday,AM_peak,10.0
1067,5,Rail,OB_HBW,Weekday,AM_peak_hr,3.0
1067,5,Rail,OB_HBW,Weekday,Off_peak,3.0
1067,6,Rail,OB_HBW,Weekday,AM_peak,3.0
1067,6,Rail,OB_HBW,Weekday,Off_peak,7.0
1067,1001,Rail,OB_HBW,Weekday,AM_peak,1.0
1067,1016,Rail,OB_HBW,Weekday,AM_peak,1.0
1068,6,Rail,OB_HBW,Weekday,Off_peak,1.0
1068,1088,Rail,OB_HBW,Weekday,AM_peak,1.0
1069,3,Rail,OB_HBW,Weekday,Inter_peak,1.0
1069,5,Rail,OB_HBW,Weekday,Inter_peak,1.0
1070,6,Rail,OB_HBW,Weekday,AM_peak,1.0
1070,6,Rail,OB_HBW,Weekday,PM_peak,1.0
1070,6,Rail,OB_HBW,Weekday,PM_peak_hr,1.0
1070,1085,Rail,OB_HBW,Weekday,Off_peak,1.0
1070,1088,Rail,OB_HBW,Weekday,AM_peak,1.0
1070,1110,Rail,OB_HBW,Weekday,Off_peak,1.0
1071,6,Rail,OB_HBW,Weekday,Off_peak,3.0
1071,1091,Rail,OB_HBW,Weekday,Off_peak,1.0
1072,6,Rail,OB_HBW,Weekday,Off_peak,1.0
1072,1110,Rail,OB_HBW,Weekday,AM_peak,1.0
1072,1110,Rail,OB_HBW,Weekday,AM_peak_hr,1.0
1073,1,Rail,OB_HBW,Weekday,Inter_peak,1.0
1073,6,Rail,OB_HBW,Weekday,Off_peak,4.0
1073,1088,Rail,OB_HBW,Weekday,AM_peak,1.0
1074,1,Rail,OB_HBW,Weekday,Inter_peak,1.0
1074,1,Rail,OB_HBW,Weekday,Off_peak,4.0
1074,5,Rail,OB_HBW,Weekday,Off_peak,1.0
1074,6,Rail,OB_HBW,Weekday,Inter_peak,1.0
1074,6,Rail,OB_HBW,Weekday,Off_peak,6.0
1075,1,Rail,OB_HBW,Weekday,AM_peak,1.0
1075,1,Rail,OB_HBW,Weekday,Off_peak,1.0
1075,6,Rail,OB_HBW,Weekday,AM_peak,1.0
1075,6,Rail,OB_HBW,Weekday,AM_peak_hr,1.0
1075,1058,Rail,OB_HBW,Weekday,AM_peak,1.0
1075,1095,Rail,OB_HBW,Weekday,AM_peak,1.0
1076,6,Rail,OB_HBW,Weekday,AM_peak,1.0
1076,6,Rail,OB_HBW,Weekday,AM_peak_hr,1.0
1076,6,Rail,OB_HBW,Weekday,Off_peak,2.0
1077,1,Rail,OB_HBW,Weekday,AM_peak,2.0
1077,1,Rail,OB_HBW,Weekday,AM_peak_hr,1.0
1077,1,Rail,OB_HBW,Weekday,Inter_peak,1.0
1077,5,Rail,OB_HBW,Weekday,AM_peak,1.0
1077,5,Rail,OB_HBW,Weekday,Off_peak,1.0
1077,1091,Rail,OB_HBW,Weekday,AM_peak,1.0
1078,6,Rail,OB_HBW,Weekday,Off_peak,1.0
1078,1058,Rail,OB_HBW,Weekday,Off_peak,1.0
1079,1,Rail,OB_HBW,Weekday,AM_peak,1.0
1079,6,Rail,OB_HBW,Weekday,AM_peak,1.0
1079,6,Rail,OB_HBW,Weekday,Off_peak,2.0
1079,1011,Rail,OB_HBW,Weekday,AM_peak,1.0
1079,1019,Rail,OB_HBW,Weekday,AM_peak,1.0
1079,1088,Rail,OB_HBW,Weekday,AM_peak,1.0
1080,1095,Rail,OB_HBW,Weekday,AM_peak,1.0
1081,1,Rail,OB_HBW,Weekday,AM_peak,1.0
1081,6,Rail,OB_HBW,Weekday,AM_peak,1.0
1081,6,Rail,OB_HBW,Weekday,Off_peak,10.0
1081,1011,Rail,OB_HBW,Weekday,AM_peak,3.0
1081,1088,Rail,OB_HBW,Weekday,AM_peak,1.0
1081,1089,Rail,OB_HBW,Weekday,AM_peak,1.0
1081,1089,Rail,OB_HBW,Weekday,AM_peak_hr,1.0
1081,1093,Rail,OB_HBW,Weekday,AM_peak,1.0
1081,1098,Rail,OB_HBW,Weekday,AM_peak,1.0
1081,1100,Rail,OB_HBW,Weekday,AM_peak,1.0
1081,1101,Rail,OB_HBW,Weekday,AM_peak,1.0
1081,1110,Rail,OB_HBW,Weekday,AM_peak,1.0
1082,1,Rail,OB_HBW,Weekday,AM_peak,2.0
1082,1,Rail,OB_HBW,Weekday,Off_peak,5.0
1082,5,Rail,OB_HBW,Weekday,AM_peak,1.0
1082,5,Rail,OB_HBW,Weekday,AM_peak_hr,1.0
1082,6,Rail,OB_HBW,Weekday,Off_peak,2.0
1082,1012,Rail,OB_HBW,Weekday,AM_peak_hr,1.0
1082,1108,Rail,OB_HBW,Weekday,AM_peak,1.0
1083,1,Rail,OB_HBW,Weekday,AM_peak,1.0
1083,1,Rail,OB_HBW,Weekday,AM_peak_hr,1.0
1083,1,Rail,OB_HBW,Weekday,Off_peak,1.0
1083,5,Rail,OB_HBW,Weekday,AM_peak,2.0
1083,5,Rail,OB_HBW,Weekday,AM_peak_hr,1.0
1083,5,Rail,OB_HBW,Weekday,Off_peak,1.0
1083,6,Rail,OB_HBW,Weekday,Off_peak,1.0
1083,1015,Rail,OB_HBW,Weekday,PM_peak,1.0
1083,1017,Rail,OB_HBW,Weekday,AM_peak,2.0
1083,1033,Rail,OB_HBW,Weekday,Off_peak,1.0
1084,1,Rail,OB_HBW,Weekday,AM_peak,3.0
1084,1,Rail,OB_HBW,Weekday,AM_peak_hr,1.0
1084,3,Rail,OB_HBW,Weekday,Off_peak,1.0
1084,5,Rail,OB_HBW,Weekday,Off_peak,1.0
1084,6,Rail,OB_HBW,Weekday,AM_peak,3.0
1084,6,Rail,OB_HBW,Weekday,Inter_peak,1.0
1084,6,Rail,OB_HBW,Weekday,Off_peak,4.0
1084,8,Rail,OB_HBW,Weekday,AM_peak,1.0
1084,8,Rail,OB_HBW,Weekday,Off_peak,1.0
1084,1011,Rail,OB_HBW,Weekday,Off_peak,1.0
1084,1015,Rail,OB_HBW,Weekday,AM_peak,2.0
1084,1016,Rail,OB_HBW,Weekday,Off_peak,1.0
1085,1,Rail,OB_HBW,Weekday,AM_peak,1.0
1085,1,Rail,OB_HBW,Weekday,Off_peak,1.0
1085,1,Rail,OB_HBW,Weekday,PM_peak_hr,1.0
1085,5,Rail,OB_HBW,Weekday,AM_peak,3.0
1085,6,Rail,OB_HBW,Weekday,AM_peak,2.0
1085,6,Rail,OB_HBW,Weekday,AM_peak_hr,1.0
1085,6,Rail,OB_HBW,Weekday,Off_peak,2.0
1085,8,Rail,OB_HBW,Weekday,Off_peak,1.0
1085,1008,Rail,OB_HBW,Weekday,Off_peak,1.0
1085,1011,Rail,OB_HBW,Weekday,AM_peak,1.0
1085,1086,Rail,OB_HBW,Weekday,Inter_peak,1.0
1085,1101,Rail,OB_HBW,Weekday,AM_peak,1.0
1085,1101,Rail,OB_HBW,Weekday,AM_peak_hr,1.0
1085,1108,Rail,OB_HBW,Weekday,AM_peak,1.0
1086,1,Rail,OB_HBW,Weekday,AM_peak,1.0
1086,1,Rail,OB_HBW,Weekday,AM_peak_hr,1.0
1086,1,Rail,OB_HBW,Weekday,Off_peak,2.0
1086,5,Rail,OB_HBW,Weekday,AM_peak,1.0
1086,6,Rail,OB_HBW,Weekday,Off_peak,1.0
1086,7,Rail,OB_HBW,Weekday,AM_peak,1.0
1086,8,Rail,OB_HBW,Weekday,AM_peak,1.0
1086,1011,Rail,OB_HBW,Weekday,AM_peak,1.0
1086,1088,Rail,OB_HBW,Weekday,AM_peak,1.0
1086,1088,Rail,OB_HBW,Weekday,AM_peak_hr,1.0
1087,1,Rail,OB_HBW,Weekday,AM_peak,2.0
1087,1,Rail,OB_HBW,Weekday,AM_peak_hr,1.0
1087,1,Rail,OB_HBW,Weekday,Off_peak,1.0
1087,4,Rail,OB_HBW,Weekday,AM_peak,1.0
1087,5,Rail,OB_HBW,Weekday,Off_peak,1.0
1087,6,Rail,OB_HBW,Weekday,AM_peak,3.0
1087,6,Rail,OB_HBW,Weekday,AM_peak_hr,1.0
1087,6,Rail,OB_HBW,Weekday,Off_peak,2.0
1087,1013,Rail,OB_HBW,Weekday,Off_peak,1.0
1087,1034,Rail,OB_HBW,Weekday,AM_peak_hr,1.0
1088,1,Rail,OB_HBW,Weekday,AM_peak,1.0
1088,1,Rail,OB_HBW,Weekday,AM_peak_hr,1.0
1088,5,Rail,OB_HBW,Weekday,AM_peak,5.0
1088,5,Rail,OB_HBW,Weekday,AM_peak_hr,2.0
1088,5,Rail,OB_HBW,Weekday,Inter_peak,1.0
1088,6,Rail,OB_HBW,Weekday,AM_peak,5.0
1088,6,Rail,OB_HBW,Weekday,AM_peak_hr,1.0
1088,6,Rail,OB_HBW,Weekday,Off_peak,3.0
1088,1015,Rail,OB_HBW,Weekday,AM_peak,1.0
1088,1045,Rail,OB_HBW,Weekday,AM_peak,1.0
1088,1077,Rail,OB_HBW,Weekday,AM_peak_hr,1.0
1088,1098,Rail,OB_HBW,Weekday,AM_peak,1.0
1088,1108,Rail,OB_HBW,Weekday,AM_peak,2.0
1088,1108,Rail,OB_HBW,Weekday,AM_peak_hr,2.0
1089,1,Rail,OB_HBW,Weekday,AM_peak,1.0
1089,1,Rail,OB_HBW,Weekday,Inter_peak,1.0
1089,1,Rail,OB_HBW,Weekday,Off_peak,2.0
1089,5,Rail,OB_HBW,Weekday,AM_peak,3.0
1089,5,Rail,OB_HBW,Weekday,AM_peak_hr,2.0
1089,6,Rail,OB_HBW,Weekday,AM_peak,1.0
1089,6,Rail,OB_HBW,Weekday,Off_peak,1.0
1089,1013,Rail,OB_HBW,Weekday,AM_peak,1.0
1089,1015,Rail,OB_HBW,Weekday,AM_peak,1.0
1089,1040,Rail,OB_HBW,Weekday,AM_peak,1.0
1090,1,Rail,OB_HBW,Weekday,AM_peak,1.0
1090,5,Rail,OB_HBW,Weekday,AM_peak,4.0
1090,5,Rail,OB_HBW,Weekday,AM_peak_hr,2.0
1090,5,Rail,OB_HBW,Weekday,Inter_peak,1.0
1090,5,Rail,OB_HBW,Weekday,Off_peak,1.0
1090,6,Rail,OB_HBW,Weekday,AM_peak,2.0
1090,6,Rail,OB_HBW,Weekday,AM_peak_hr,1.0
1090,6,Rail,OB_HBW,Weekday,Off_peak,2.0
1090,6,Rail,OB_HBW,Weekday,PM_peak,1.0
1090,1005,Rail,OB_HBW,Weekday,AM_peak,1.0
1090,1015,Rail,OB_HBW,Weekday,AM_peak,1.0
1090,1108,Rail,OB_HBW,Weekday,AM_peak,1.0
1090,1108,Rail,OB_HBW,Weekday,AM_peak_hr,1.0
1091,1,Rail,OB_HBW,Weekday,AM_peak,4.0
1091,1,Rail,OB_HBW,Weekday,AM_peak_hr,2.0
1091,1,Rail,OB_HBW,Weekday,Inter_peak,1.0
1091,1,Rail,OB_HBW,Weekday,Off_peak,2.0
1091,1,Rail,OB_HBW,Weekday,PM_peak,1.0
1091,4,Rail,OB_HBW,Weekday,AM_peak,1.0
1091,5,Rail,OB_HBW,Weekday,AM_peak,2.0
1091,5,Rail,OB_HBW,Weekday,Inter_peak,1.0
1091,5,Rail,OB_HBW,Weekday,Off_peak,1.0
1091,6,Rail,OB_HBW,Weekday,AM_peak,11.0
1091,6,Rail,OB_HBW,Weekday,AM_peak_hr,2.0
1091,6,Rail,OB_HBW,Weekday,Inter_peak,1.0
1091,6,Rail,OB_HBW,Weekday,Off_peak,4.0
1091,1011,Rail,OB_HBW,Weekday,AM_peak,1.0
1091,1011,Rail,OB_HBW,Weekday,Off_peak,1.0
1091,1016,Rail,OB_HBW,Weekday,AM_peak,1.0
1091,1017,Rail,OB_HBW,Weekday,AM_peak,1.0
1091,1034,Rail,OB_HBW,Weekday,AM_peak,1.0
1091,1100,Rail,OB_HBW,Weekday,AM_peak,1.0
1091,1104,Rail,OB_HBW,Weekday,AM_peak,1.0
1091,1108,Rail,OB_HBW,Weekday,AM_peak,3.0
1091,1108,Rail,OB_HBW,Weekday,AM_peak_hr,1.0
1092,1,Rail,OB_HBW,Weekday,AM_peak,2.0
1092,5,Rail,OB_HBW,Weekday,Off_peak,2.0
1092,5,Rail,OB_HBW,Weekday,PM_peak,1.0
1092,6,Rail,OB_HBW,Weekday,AM_peak,3.0
1092,6,Rail,OB_HBW,Weekday,AM_peak_hr,1.0
1092,6,Rail,OB_HBW,Weekday,Inter_peak,2.0
1092,6,Rail,OB_HBW,Weekday,Off_peak,3.0
1092,1015,Rail,OB_HBW,Weekday,AM_peak,1.0
1092,1017,Rail,OB_HBW,Weekday,Off_peak,1.0
1092,1044,Rail,OB_HBW,Weekday,AM_peak,1.0
1093,1,Rail,OB_HBW,Weekday,AM_peak,4.0
1093,1,Rail,OB_HBW,Weekday,AM_peak_hr,1.0
1093,2,Rail,OB_HBW,Weekday,Inter_peak,1.0
1093,6,Rail,OB_HBW,Weekday,AM_peak,2.0
1093,6,Rail,OB_HBW,Weekday,Inter_peak,1.0
1093,6,Rail,OB_HBW,Weekday,Off_peak,1.0
1093,9,Rail,OB_HBW,Weekday,AM_peak,1.0
1093,1010,Rail,OB_HBW,Weekday,AM_peak,1.0
1093,1013,Rail,OB_HBW,Weekday,AM_peak_hr,1.0
1093,1042,Rail,OB_HBW,Weekday,AM_peak,1.0
1094,1,Rail,OB_HBW,Weekday,AM_peak,2.0
1094,1,Rail,OB_HBW,Weekday,Off_peak,4.0
1094,5,Rail,OB_HBW,Weekday,AM_peak,1.0
1094,5,Rail,OB_HBW,Weekday,Off_peak,1.0
1094,6,Rail,OB_HBW,Weekday,Off_peak,2.0
1094,1002,Rail,OB_HBW,Weekday,AM_peak,1.0
1094,1017,Rail,OB_HBW,Weekday,AM_peak,1.0
1094,1081,Rail,OB_HBW,Weekday,AM_peak,1.0
1094,1101,Rail,OB_HBW,Weekday,AM_peak,1.0
1095,1,Rail,OB_HBW,Weekday,AM_peak,1.0
1095,1,Rail,OB_HBW,Weekday,Off_peak,1.0
1095,3,Rail,OB_HBW,Weekday,Inter_peak,1.0
1095,4,Rail,OB_HBW,Weekday,Off_peak,1.0
1095,5,Rail,OB_HBW,Weekday,AM_peak,1.0
1095,6,Rail,OB_HBW,Weekday,AM_peak,2.0
1095,6,Rail,OB_HBW,Weekday,AM_peak_hr,1.0
1095,6,Rail,OB_HBW,Weekday,Off_peak,3.0
1095,1010,Rail,OB_HBW,Weekday,AM_peak,1.0
1095,1015,Rail,OB_HBW,Weekday,AM_peak,1.0
1095,1015,Rail,OB_HBW,Weekday,Off_peak,1.0
1095,1016,Rail,OB_HBW,Weekday,AM_peak,1.0
1095,1028,Rail,OB_HBW,Weekday,AM_peak_hr,1.0
1095,1039,Rail,OB_HBW,Weekday,AM_peak,1.0
1095,1084,Rail,OB_HBW,Weekday,AM_peak_hr,1.0
1095,1088,Rail,OB_HBW,Weekday,AM_peak,2.0
1095,1088,Rail,OB_HBW,Weekday,AM_peak_hr,2.0
1095,1099,Rail,OB_HBW,Weekday,Off_peak,1.0
1095,1101,Rail,OB_HBW,Weekday,AM_peak_hr,1.0
1095,1108,Rail,OB_HBW,Weekday,Off_peak,1.0
1095,1110,Rail,OB_HBW,Weekday,AM_peak,1.0
1095,1110,Rail,OB_HBW,Weekday,AM_peak_hr,2.0
1096,1,Rail,OB_HBW,Weekday,AM_peak,1.0
1096,5,Rail,OB_HBW,Weekday,Off_peak,1.0
1096,6,Rail,OB_HBW,Weekday,Off_peak,2.0
1096,1088,Rail,OB_HBW,Weekday,AM_peak_hr,1.0
1096,1110,Rail,OB_HBW,Weekday,AM_peak,1.0
1097,5,Rail,OB_HBW,Weekday,AM_peak,1.0
1097,5,Rail,OB_HBW,Weekday,Off_peak,4.0
1097,6,Rail,OB_HBW,Weekday,Off_peak,2.0
1097,9,Rail,OB_HBW,Weekday,Off_peak,1.0
1097,1014,Rail,OB_HBW,Weekday,AM_peak,1.0
1097,1014,Rail,OB_HBW,Weekday,AM_peak_hr,1.0
1097,1034,Rail,OB_HBW,Weekday,AM_peak,1.0
1097,1082,Rail,OB_HBW,Weekday,Off_peak,1.0
1097,1084,Rail,OB_HBW,Weekday,AM_peak,1.0
1097,1088,Rail,OB_HBW,Weekday,AM_peak,1.0
1097,1088,Rail,OB_HBW,Weekday,AM_peak_hr,1.0
1097,1091,Rail,OB_HBW,Weekday,AM_peak,1.0
1097,1093,Rail,OB_HBW,Weekday,AM_peak,1.0
1097,1110,Rail,OB_HBW,Weekday,AM_peak,1.0
1097,1110,Rail,OB_HBW,Weekday,AM_peak_hr,1.0
1098,1,Rail,OB_HBW,Weekday,AM_peak,1.0
1098,1,Rail,OB_HBW,Weekday,Off_peak,1.0
1098,5,Rail,OB_HBW,Weekday,AM_peak,2.0
1098,5,Rail,OB_HBW,Weekday,Off_peak,1.0
1098,6,Rail,OB_HBW,Weekday,AM_peak,1.0
1098,1033,Rail,OB_HBW,Weekday,AM_peak,1.0
1098,1033,Rail,OB_HBW,Weekday,AM_peak_hr,1.0
1098,1083,Rail,OB_HBW,Weekday,AM_peak_hr,1.0
1098,1084,Rail,OB_HBW,Weekday,AM_peak,1.0
1098,1088,Rail,OB_HBW,Weekday,AM_peak,1.0
1098,1088,Rail,OB_HBW,Weekday,AM_peak_hr,1.0
1098,1091,Rail,OB_HBW,Weekday,AM_peak,1.0
1098,1091,Rail,OB_HBW,Weekday,AM_peak_hr,1.0
1098,1110,Rail,OB_HBW,Weekday,AM_peak,2.0
1098,1111,Rail,OB_HBW,Weekday,AM_peak,1.0
1099,1,Rail,OB_HBW,Weekday,AM_peak,4.0
1099,1,Rail,OB_HBW,Weekday,AM_peak_hr,1.0
1099,6,Rail,OB_HBW,Weekday,AM_peak,1.0
1099,6,Rail,OB_HBW,Weekday,AM_peak_hr,1.0
1099,6,Rail,OB_HBW,Weekday,Off_peak,3.0
1099,1010,Rail,OB_HBW,Weekday,AM_peak,1.0
1099,1011,Rail,OB_HBW,Weekday,AM_peak,1.0
1099,1016,Rail,OB_HBW,Weekday,Off_peak,1.0
1099,1030,Rail,OB_HBW,Weekday,AM_peak,1.0
1099,1030,Rail,OB_HBW,Weekday,PM_peak,1.0
1099,1033,Rail,OB_HBW,Weekday,AM_peak,1.0
1099,1041,Rail,OB_HBW,Weekday,AM_peak_hr,1.0
1099,1082,Rail,OB_HBW,Weekday,AM_peak,1.0
1099,1087,Rail,OB_HBW,Weekday,AM_peak,1.0
1099,1088,Rail,OB_HBW,Weekday,AM_peak,3.0
1099,1088,Rail,OB_HBW,Weekday,AM_peak_hr,1.0
1099,1088,Rail,OB_HBW,Weekday,Inter_peak,1.0
1099,1090,Rail,OB_HBW,Weekday,AM_peak,1.0
1099,1108,Rail,OB_HBW,Weekday,AM_peak,2.0
1099,1110,Rail,OB_HBW,Weekday,AM_peak,2.0
1099,1110,Rail,OB_HBW,Weekday,AM_peak_hr,1.0
1100,1,Rail,OB_HBW,Weekday,AM_peak,1.0
1100,1,Rail,OB_HBW,Weekday,AM_peak_hr,1.0
1100,5,Rail,OB_HBW,Weekday,AM_peak,1.0
1100,5,Rail,OB_HBW,Weekday,Off_peak,9.0
1100,6,Rail,OB_HBW,Weekday,Off_peak,5.0
1100,9,Rail,OB_HBW,Weekday,AM_peak,1.0
1100,1016,Rail,OB_HBW,Weekday,AM_peak,1.0
1100,1016,Rail,OB_HBW,Weekday,AM_peak_hr,1.0
1100,1017,Rail,OB_HBW,Weekday,AM_peak,1.0
1100,1030,Rail,OB_HBW,Weekday,AM_peak,1.0
1100,1033,Rail,OB_HBW,Weekday,AM_peak,1.0
1100,1035,Rail,OB_HBW,Weekday,Inter_peak,1.0
1100,1041,Rail,OB_HBW,Weekday,AM_peak,1.0
1100,1079,Rail,OB_HBW,Weekday,AM_peak,1.0
1100,1088,Rail,OB_HBW,Weekday,AM_peak,4.0
1100,1088,Rail,OB_HBW,Weekday,AM_peak_hr,3.0
1100,1089,Rail,OB_HBW,Weekday,AM_peak,1.0
1100,1089,Rail,OB_HBW,Weekday,AM_peak_hr,1.0
1100,1091,Rail,OB_HBW,Weekday,AM_peak,1.0
1100,1091,Rail,OB_HBW,Weekday,AM_peak_hr,1.0
1100,1093,Rail,OB_HBW,Weekday,AM_peak,1.0
1100,1108,Rail,OB_HBW,Weekday,AM_peak,1.0
1100,1108,Rail,OB_HBW,Weekday,Off_peak,1.0
1100,1110,Rail,OB_HBW,Weekday,AM_peak,3.0
1100,1110,Rail,OB_HBW,Weekday,AM_peak_hr,1.0
1101,1,Rail,OB_HBW,Weekday,AM_peak,1.0
1101,6,Rail,OB_HBW,Weekday,AM_peak,1.0
1101,6,Rail,OB_HBW,Weekday,Off_peak,5.0
1101,1011,Rail,OB_HBW,Weekday,AM_peak,1.0
1101,1024,Rail,OB_HBW,Weekday,AM_peak_hr,1.0
1101,1088,Rail,OB_HBW,Weekday,AM_peak,4.0
1101,1088,Rail,OB_HBW,Weekday,AM_peak_hr,2.0
1101,1090,Rail,OB_HBW,Weekday,AM_peak,1.0
1101,1091,Rail,OB_HBW,Weekday,AM_peak,2.0
1101,1091,Rail,OB_HBW,Weekday,AM_peak_hr,1.0
1101,1093,Rail,OB_HBW,Weekday,AM_peak_hr,1.0
1101,1104,Rail,OB_HBW,Weekday,AM_peak,1.0
1101,1110,Rail,OB_HBW,Weekday,AM_peak,2.0
1101,1110,Rail,OB_HBW,Weekday,AM_peak_hr,1.0
1101,1110,Rail,OB_HBW,Weekday,Inter_peak,1.0
1102,1,Rail,OB_HBW,Weekday,AM_peak,1.0
1102,1,Rail,OB_HBW,Weekday,Off_peak,1.0
1102,6,Rail,OB_HBW,Weekday,AM_peak,1.0
1102,6,Rail,OB_HBW,Weekday,Off_peak,9.0
1102,1015,Rail,OB_HBW,Weekday,AM_peak,1.0
1102,1017,Rail,OB_HBW,Weekday,AM_peak,1.0
1102,1017,Rail,OB_HBW,Weekday,Off_peak,1.0
1102,1044,Rail,OB_HBW,Weekday,Inter_peak,1.0
1102,1082,Rail,OB_HBW,Weekday,AM_peak,1.0
1102,1087,Rail,OB_HBW,Weekday,AM_peak,1.0
1102,1088,Rail,OB_HBW,Weekday,AM_peak,2.0
1102,1088,Rail,OB_HBW,Weekday,AM_peak_hr,1.0
1102,1088,Rail,OB_HBW,Weekday,Off_peak,1.0
1102,1093,Rail,OB_HBW,Weekday,AM_peak,1.0
1102,1099,Rail,OB_HBW,Weekday,AM_peak,1.0
1102,1108,Rail,OB_HBW,Weekday,AM_peak,1.0
1102,1108,Rail,OB_HBW,Weekday,AM_peak_hr,1.0
1103,1,Rail,OB_HBW,Weekday,AM_peak,1.0
1103,1,Rail,OB_HBW,Weekday,Off_peak,1.0
1103,6,Rail,OB_HBW,Weekday,AM_peak,2.0
1103,6,Rail,OB_HBW,Weekday,Off_peak,3.0
1103,1083,Rail,OB_HBW,Weekday,Off_peak,1.0
1103,1086,Rail,OB_HBW,Weekday,AM_peak,1.0
1103,1088,Rail,OB_HBW,Weekday,AM_peak,2.0
1103,1088,Rail,OB_HBW,Weekday,Inter_peak,1.0
1103,1110,Rail,OB_HBW,Weekday,AM_peak_hr,1.0
1104,1,Rail,OB_HBW,Weekday,AM_peak,3.0
1104,1,Rail,OB_HBW,Weekday,Off_peak,4.0
1104,5,Rail,OB_HBW,Weekday,AM_peak,1.0
1104,6,Rail,OB_HBW,Weekday,AM_peak,3.0
1104,6,Rail,OB_HBW,Weekday,AM_peak_hr,1.0
1104,6,Rail,OB_HBW,Weekday,Off_peak,11.0
1104,1015,Rail,OB_HBW,Weekday,Off_peak,1.0
1104,1017,Rail,OB_HBW,Weekday,AM_peak,1.0
1104,1017,Rail,OB_HBW,Weekday,Off_peak,1.0
1104,1025,Rail,OB_HBW,Weekday,AM_peak,1.0
1104,1025,Rail,OB_HBW,Weekday,AM_peak_hr,1.0
1104,1034,Rail,OB_HBW,Weekday,AM_peak,1.0
1104,1082,Rail,OB_HBW,Weekday,AM_peak,1.0
1104,1085,Rail,OB_HBW,Weekday,Off_peak,1.0
1104,1088,Rail,OB_HBW,Weekday,AM_peak,2.0
1104,1088,Rail,OB_HBW,Weekday,AM_peak_hr,1.0
1104,1091,Rail,OB_HBW,Weekday,Inter_peak,1.0
1104,1095,Rail,OB_HBW,Weekday,AM_peak_hr,1.0
1104,1108,Rail,OB_HBW,Weekday,AM_peak,1.0
1104,1110,Rail,OB_HBW,Weekday,AM_peak,5.0
1104,1110,Rail,OB_HBW,Weekday,AM_peak_hr,1.0
1105,1,Rail,OB_HBW,Weekday,AM_peak,1.0
1105,1,Rail,OB_HBW,Weekday,Off_peak,2.0
1105,6,Rail,OB_HBW,Weekday,AM_peak,1.0
1105,6,Rail,OB_HBW,Weekday,AM_peak_hr,1.0
1105,6,Rail,OB_HBW,Weekday,Off_peak,6.0
1105,1014,Rail,OB_HBW,Weekday,AM_peak,1.0
1105,1014,Rail,OB_HBW,Weekday,AM_peak_hr,1.0
1105,1030,Rail,OB_HBW,Weekday,AM_peak,1.0
1105,1088,Rail,OB_HBW,Weekday,AM_peak,1.0
1105,1088,Rail,OB_HBW,Weekday,AM_peak_hr,1.0
1105,1091,Rail,OB_HBW,Weekday,AM_peak,1.0
1105,1095,Rail,OB_HBW,Weekday,AM_peak,1.0
1105,1099,Rail,OB_HBW,Weekday,Inter_peak,1.0
1105,1104,Rail,OB_HBW,Weekday,AM_peak,1.0
1105,1104,Rail,OB_HBW,Weekday,AM_peak_hr,1.0
1105,1110,Rail,OB_HBW,Weekday,AM_peak,1.0
1105,1110,Rail,OB_HBW,Weekday,AM_peak_hr,1.0
1106,1,Rail,OB_HBW,Weekday,AM_peak,1.0
1106,1,Rail,OB_HBW,Weekday,AM_peak_hr,1.0
1106,1,Rail,OB_HBW,Weekday,Off_peak,1.0
1106,1,Rail,OB_HBW,Weekday,PM_peak,1.0
1106,6,Rail,OB_HBW,Weekday,AM_peak,1.0
1106,6,Rail,OB_HBW,Weekday,AM_peak_hr,1.0
1106,6,Rail,OB_HBW,Weekday,Off_peak,18.0
1106,1006,Rail,OB_HBW,Weekday,AM_peak,1.0
1106,1026,Rail,OB_HBW,Weekday,AM_peak,1.0
1106,1083,Rail,OB_HBW,Weekday,AM_peak,2.0
1106,1086,Rail,OB_HBW,Weekday,AM_peak,1.0
1106,1088,Rail,OB_HBW,Weekday,AM_peak,1.0
1106,1088,Rail,OB_HBW,Weekday,AM_peak_hr,1.0
1106,1097,Rail,OB_HBW,Weekday,AM_peak,1.0
1106,1108,Rail,OB_HBW,Weekday,AM_peak,1.0
1106,1110,Rail,OB_HBW,Weekday,AM_peak,3.0
1106,1110,Rail,OB_HBW,Weekday,AM_peak_hr,1.0
1106,1111,Rail,OB_HBW,Weekday,Off_peak,1.0
1107,1,Rail,OB_HBW,Weekday,AM_peak,3.0
1107,1,Rail,OB_HBW,Weekday,Off_peak,3.0
1107,6,Rail,OB_HBW,Weekday,AM_peak,4.0
1107,6,Rail,OB_HBW,Weekday,AM_peak_hr,1.0
1107,6,Rail,OB_HBW,Weekday,Inter_peak,1.0
1107,6,Rail,OB_HBW,Weekday,Off_peak,10.0
1107,1028,Rail,OB_HBW,Weekday,Inter_peak,1.0
1107,1033,Rail,OB_HBW,Weekday,AM_peak,1.0
1107,1033,Rail,OB_HBW,Weekday,AM_peak_hr,1.0
1107,1082,Rail,OB_HBW,Weekday,AM_peak,2.0
1107,1082,Rail,OB_HBW,Weekday,AM_peak_hr,1.0
1107,1088,Rail,OB_HBW,Weekday,AM_peak,12.0
1107,1088,Rail,OB_HBW,Weekday,AM_peak_hr,10.0
1107,1091,Rail,OB_HBW,Weekday,AM_peak,1.0
1107,1094,Rail,OB_HBW,Weekday,AM_peak_hr,1.0
1107,1110,Rail,OB_HBW,Weekday,AM_peak,9.0
1107,1110,Rail,OB_HBW,Weekday,AM_peak_hr,5.0
1107,1110,Rail,OB_HBW,Weekday,PM_peak,1.0
1108,1,Rail,OB_HBW,Weekday,AM_peak,16.0
1108,1,Rail,OB_HBW,Weekday,AM_peak_hr,8.0
1108,1,Rail,OB_HBW,Weekday,Off_peak,5.0
1108,6,Rail,OB_HBW,Weekday,AM_peak,7.0
1108,6,Rail,OB_HBW,Weekday,AM_peak_hr,1.0
1108,6,Rail,OB_HBW,Weekday,Off_peak,16.0
1108,1015,Rail,OB_HBW,Weekday,AM_peak_hr,1.0
1108,1027,Rail,OB_HBW,Weekday,AM_peak_hr,1.0
1108,1030,Rail,OB_HBW,Weekday,Off_peak,1.0
1108,1034,Rail,OB_HBW,Weekday,Inter_peak,1.0
1108,1082,Rail,OB_HBW,Weekday,AM_peak,1.0
1108,1082,Rail,OB_HBW,Weekday,AM_peak_hr,1.0
1108,1084,Rail,OB_HBW,Weekday,AM_peak,1.0
1108,1084,Rail,OB_HBW,Weekday,Inter_peak,1.0
1108,1088,Rail,OB_HBW,Weekday,AM_peak,4.0
1108,1088,Rail,OB_HBW,Weekday,AM_peak_hr,2.0
1108,1088,Rail,OB_HBW,Weekday,Inter_peak,1.0
1108,1090,Rail,OB_HBW,Weekday,AM_peak,4.0
1108,1090,Rail,OB_HBW,Weekday,AM_peak_hr,1.0
1108,1090,Rail,OB_HBW,Weekday,Inter_peak,1.0
1108,1091,Rail,OB_HBW,Weekday,AM_peak,5.0
1108,1091,Rail,OB_HBW,Weekday,AM_peak_hr,3.0
1108,1093,Rail,OB_HBW,Weekday,AM_peak,2.0
1108,1093,Rail,OB_HBW,Weekday,AM_peak_hr,1.0
1108,1110,Rail,OB_HBW,Weekday,AM_peak,11.0
1108,1110,Rail,OB_HBW,Weekday,AM_peak_hr,5.0
1108,1111,Rail,OB_HBW,Weekday,AM_peak,1.0
1109,6,Rail,OB_HBW,Weekday,Off_peak,1.0
1109,1033,Rail,OB_HBW,Weekday,AM_peak,1.0
1109,1110,Rail,OB_HBW,Weekday,AM_peak,1.0
1110,1,Rail,OB_HBW,Weekday,AM_peak,2.0
1110,1,Rail,OB_HBW,Weekday,AM_peak_hr,1.0
1110,1,Rail,OB_HBW,Weekday,PM_peak,1.0
1110,5,Rail,OB_HBW,Weekday,AM_peak,2.0
1110,5,Rail,OB_HBW,Weekday,AM_peak_hr,1.0
1110,5,Rail,OB_HBW,Weekday,Off_peak,2.0
1110,6,Rail,OB_HBW,Weekday,AM_peak,7.0
1110,6,Rail,OB_HBW,Weekday,AM_peak_hr,3.0
1110,6,Rail,OB_HBW,Weekday,Inter_peak,1.0
1110,6,Rail,OB_HBW,Weekday,Off_peak,1.0
1110,8,Rail,OB_HBW,Weekday,AM_peak_hr,1.0
1110,1015,Rail,OB_HBW,Weekday,AM_peak,1.0
1110,1016,Rail,OB_HBW,Weekday,AM_peak,1.0
1110,1025,Rail,OB_HBW,Weekday,AM_peak,1.0
1110,1099,Rail,OB_HBW,Weekday,AM_peak,1.0
1110,1108,Rail,OB_HBW,Weekday,AM_peak,1.0
1110,1108,Rail,OB_HBW,Weekday,AM_peak_hr,1.0
1111,1,Rail,OB_HBW,Weekday,AM_peak,5.0
1111,1,Rail,OB_HBW,Weekday,AM_peak_hr,3.0
1111,1,Rail,OB_HBW,Weekday,Off_peak,2.0
1111,1,Rail,OB_HBW,Weekday,PM_peak,1.0
1111,5,Rail,OB_HBW,Weekday,AM_peak,2.0
1111,5,Rail,OB_HBW,Weekday,Off_peak,1.0
1111,6,Rail,OB_HBW,Weekday,AM_peak,4.0
1111,6,Rail,OB_HBW,Weekday,AM_peak_hr,1.0
1111,6,Rail,OB_HBW,Weekday,Inter_peak,1.0
1111,6,Rail,OB_HBW,Weekday,Off_peak,5.0
1111,1013,Rail,OB_HBW,Weekday,AM_peak,1.0
1111,1016,Rail,OB_HBW,Weekday,AM_peak,1.0
1111,1016,Rail,OB_HBW,Weekday,AM_peak_hr,1.0
1111,1108,Rail,OB_HBW,Weekday,AM_peak,3.0
1111,1108,Rail,OB_HBW,Weekday,AM_peak_hr,3.0
1111,1108,Rail,OB_HBW,Weekday,Inter_peak,1.0
1111,1108,Rail,OB_HBW,Weekday,Off_peak,1.0
